"Property","Field","Profile","UTMZone","Eastings_UTM","Northings_UTM","Eastings_AA","Northings_AA","Longitude","Latitude","mid_depth","Ca_Soln","S","Na_Soln","pH","EC","Cl","ECse","NO3N","Ex_Ca","Ex_Mg","Ex_Na","Ex_K","ESP","EMgP","CEC","ADMC","Coarse_sand","Fine_sand","Silt","Clay","P","OC","Cu","Zn","Mn","Fe","BD","VM_W","VM_D","PAWC"
"Grandview","155",1,56,251131.2488,7305948.029,1855149.136,-2763522.281,150.5471916,-24.33986861,0.05,85.25,42,39.83,7.5,0.1,20,0.42251381,20,25.9,8.92,0.2,1.02,0.5,20.74418605,43,5.7,4,30,19,50,85,1.44,2.9,1.5,17.7,18.9,1.433409844,0.407490898,0.2529251,15.4565798
"Grandview","155",1,56,251131.2488,7305948.029,1855149.136,-2763522.281,150.5471916,-24.33986861,0.2,361.1,42,100.95,8.6,0.16,20,0.612840618,11,NA,NA,NA,NA,NA,NA,NA,NA,NA,NA,NA,NA,NA,NA,NA,NA,NA,NA,1.429000647,0.407490898,0.28157994,25.1821916
"Grandview","155",1,56,251131.2488,7305948.029,1855149.136,-2763522.281,150.5471916,-24.33986861,0.4,295.8,42,182.55,8.8,0.16,20,0.612840618,7,21.4,12.9,0.69,0.29,1.7,32.25,40,4.9,9,27,17,50,NA,NA,NA,NA,NA,NA,1.510174885,0.426926088,0.311312305,23.1227566
"Grandview","155",1,56,251131.2488,7305948.029,1855149.136,-2763522.281,150.5471916,-24.33986861,0.6,222.1,42,344.95,9,0.18,20,0.674085886,2,NA,NA,NA,NA,NA,NA,NA,NA,NA,NA,NA,NA,NA,NA,NA,NA,NA,NA,1.388179036,0.402004851,0.281942948,24.0123806
"Grandview","155",1,56,251131.2488,7305948.029,1855149.136,-2763522.281,150.5471916,-24.33986861,0.8,168.4,42,557,9.2,0.22,20,0.767668404,1,18,18.9,2.61,0.28,6.1,43.95348837,43,5,6,18,19,56,NA,NA,NA,NA,NA,NA,1.440170345,0.38610871,0.285144437,20.1928546
"Grandview","155",1,56,251131.2488,7305948.029,1855149.136,-2763522.281,150.5471916,-24.33986861,1,154.2,57.4,740,9.2,0.24,20,0.825087892,1,NA,NA,NA,NA,NA,NA,NA,NA,NA,NA,NA,NA,NA,NA,NA,NA,NA,NA,1.527826908,0.359224468,0.31025502,9.7938896
"Grandview","155",1,56,251131.2488,7305948.029,1855149.136,-2763522.281,150.5471916,-24.33986861,1.2,150.55,87.35,903.5,9.3,0.27,27,0.95801915,1,14.8,19,4.31,0.32,10,44.18604651,43,3.7,6,21,17,56,NA,NA,NA,NA,NA,NA,1.570100439,0.359233211,0.300651559,11.7163304
"Grandview","155",1,56,251131.2488,7305948.029,1855149.136,-2763522.281,150.5471916,-24.33986861,1.4,121.5,236.55,931.5,9.3,0.37,75,1.509217358,6,NA,NA,NA,NA,NA,NA,NA,NA,NA,NA,NA,NA,NA,NA,NA,NA,NA,NA,1.590915369,0.351323443,0.326446289,4.9754308
"Grandview","155",2,56,251469.788,7305904.858,1855472.356,-2763619.73,150.5505183,-24.34031206,0.05,230.2,42,151.15,8.7,0.13,20,0.489219736,9,51.1,12.5,0.75,0.61,1.2,20.49180328,61,4.5,8,18,13,60,2,1.76,2.4,0.8,10.4,17.8,1.374152859,0.410048363,0.256341911,15.3706452
"Grandview","155",2,56,251469.788,7305904.858,1855472.356,-2763619.73,150.5505183,-24.34031206,0.2,222.85,42,337.35,8.8,0.14,20,0.519263142,8,NA,NA,NA,NA,NA,NA,NA,NA,NA,NA,NA,NA,NA,NA,NA,NA,NA,NA,1.345432904,0.410048363,0.280178655,25.9739416
"Grandview","155",2,56,251469.788,7305904.858,1855472.356,-2763619.73,150.5505183,-24.34031206,0.4,157.5,42,633,9,0.19,20,0.66594798,11,38,14.8,3.29,0.3,5.9,26.42857143,56,4.6,8,12,15,60,NA,NA,NA,NA,NA,NA,1.340784084,0.438557706,0.306162776,26.478986
"Grandview","155",2,56,251469.788,7305904.858,1855472.356,-2763619.73,150.5505183,-24.34031206,0.6,93.35,42,839,9.1,0.23,20,0.779994533,12,NA,NA,NA,NA,NA,NA,NA,NA,NA,NA,NA,NA,NA,NA,NA,NA,NA,NA,1.380983174,0.432632874,0.321351904,22.256194
"Grandview","155",2,56,251469.788,7305904.858,1855472.356,-2763619.73,150.5505183,-24.34031206,0.8,64.9,52,1001,9.2,0.3,74,1.226880417,8,27.3,17.7,6.9,0.28,11.9,30.51724138,58,4.7,7,15,13,63,NA,NA,NA,NA,NA,NA,1.410690909,0.43147862,0.333826534,19.5304172
"Grandview","155",2,56,251469.788,7305904.858,1855472.356,-2763619.73,150.5505183,-24.34031206,1,70.05,198,1297.5,9.1,0.47,244,2.327337525,9,NA,NA,NA,NA,NA,NA,NA,NA,NA,NA,NA,NA,NA,NA,NA,NA,NA,NA,1.411619578,0.422216936,0.344449152,15.5535568
"Grandview","155",2,56,251469.788,7305904.858,1855472.356,-2763619.73,150.5505183,-24.34031206,1.2,63.2,414.25,1448.5,8.9,0.73,516,3.977012934,13,23.1,18.1,7.84,0.53,14.5,33.51851852,54,3.4,8,12,13,63,NA,NA,NA,NA,NA,NA,1.369094519,0.41207955,0.349204114,12.5750872
"Grandview","155",2,56,251469.788,7305904.858,1855472.356,-2763619.73,150.5505183,-24.34031206,1.4,63,674.5,1670,8.8,0.89,658,4.921267523,12,NA,NA,NA,NA,NA,NA,NA,NA,NA,NA,NA,NA,NA,NA,NA,NA,NA,NA,1.324806467,0.397540553,0.357191221,8.0698664
"Grandview","155",3,56,251938.497,7305845.772,1855919.968,-2763753.967,150.5551243,-24.34091973,0.05,42.58,42,86.7,8.2,0.09,20,0.426005337,11,15.9,7.42,0.4,0.3,1.4,25.5862069,29,1.5,29,24,6,38,7,1.39,1.5,0.8,24.3,11.4,1.590338742,0.32911,0.149382022,17.9727978
"Grandview","155",3,56,251938.497,7305845.772,1855919.968,-2763753.967,150.5551243,-24.34091973,0.2,34.97,42,127.4,8.3,0.06,20,0.315901851,9,NA,NA,NA,NA,NA,NA,NA,NA,NA,NA,NA,NA,NA,NA,NA,NA,NA,NA,1.553761807,0.329109664,0.225820642,20.6578044
"Grandview","155",3,56,251938.497,7305845.772,1855919.968,-2763753.967,150.5551243,-24.34091973,0.4,47.815,42,199.45,8.6,0.09,24,0.421818632,9,12.8,11.8,2.65,0.13,11,49.16666667,24,2.9,28,18,8,45,NA,NA,NA,NA,NA,NA,1.529945318,0.370435762,0.256828448,22.7214628
"Grandview","155",3,56,251938.497,7305845.772,1855919.968,-2763753.967,150.5551243,-24.34091973,0.6,40.615,45.07,339.7,9,0.19,49,0.883089943,11,NA,NA,NA,NA,NA,NA,NA,NA,NA,NA,NA,NA,NA,NA,NA,NA,NA,NA,1.508324451,0.351273254,0.223069679,25.640715
"Grandview","155",3,56,251938.497,7305845.772,1855919.968,-2763753.967,150.5551243,-24.34091973,0.8,48.585,112.25,897,9.2,0.4,138,1.945546584,22,9.22,14.9,4.97,0.18,15.1,45.15151515,33,3,22,18,9,49,NA,NA,NA,NA,NA,NA,1.512080295,0.351273254,0.35837576,0
"Grandview","155",3,56,251938.497,7305845.772,1855919.968,-2763753.967,150.5551243,-24.34091973,1,44.275,261.1,716,9,0.52,308,2.967741441,38,NA,NA,NA,NA,NA,NA,NA,NA,NA,NA,NA,NA,NA,NA,NA,NA,NA,NA,1.494461972,0.351273254,0.350373537,0.1799434
"Grandview","155",3,56,251938.497,7305845.772,1855919.968,-2763753.967,150.5551243,-24.34091973,1.2,52,436.4,824,8.5,0.68,547,4.206114374,43,7.73,16.3,6.41,0.23,17.8,45.27777778,36,3,20,14,13,52,NA,NA,NA,NA,NA,NA,1.474907516,0.345056527,0.340698584,0.8715886
"Grandview","155",3,56,251938.497,7305845.772,1855919.968,-2763753.967,150.5551243,-24.34091973,1.4,35.215,665.5,1068.5,7.8,0.71,583,4.42458384,31,NA,NA,NA,NA,NA,NA,NA,NA,NA,NA,NA,NA,NA,NA,NA,NA,NA,NA,1.488703788,0.342171867,0.304582782,7.517817
"Grandview","155",5,56,251525.2124,7305994.936,1855541.152,-2763538.795,150.5510798,-24.33950805,0.05,222.35,42,112.5,8.5,0.13,20,0.503380029,5,40.9,10.9,0.49,0.73,0.9,19.46428571,56,4.5,12,19,13,55,1,1.73,2.1,1,14.9,17.4,1.373688921,0.4252,0.221394117,20.3805883
"Grandview","155",5,56,251525.2124,7305994.936,1855541.152,-2763538.795,150.5510798,-24.33950805,0.2,214.85,42,289,8.8,0.13,20,0.503380029,5,NA,NA,NA,NA,NA,NA,NA,NA,NA,NA,NA,NA,NA,NA,NA,NA,NA,NA,1.342647751,0.425266208,0.29233638,26.5859656
"Grandview","155",5,56,251525.2124,7305994.936,1855541.152,-2763538.795,150.5510798,-24.33950805,0.4,158.15,42,547.5,8.9,0.18,20,0.64383753,8,31,13.2,2.43,0.23,4.7,25.38461538,52,6.6,12,19,14,58,NA,NA,NA,NA,NA,NA,1.34232975,0.413528578,0.308366783,21.032359
"Grandview","155",5,56,251525.2124,7305994.936,1855541.152,-2763538.795,150.5510798,-24.33950805,0.6,101.2,42,806,9.1,0.23,30,0.847556573,8,NA,NA,NA,NA,NA,NA,NA,NA,NA,NA,NA,NA,NA,NA,NA,NA,NA,NA,1.413912328,0.400427108,0.337804286,12.5245644
"Grandview","155",5,56,251525.2124,7305994.936,1855541.152,-2763538.795,150.5510798,-24.33950805,0.8,99.15,70.2,1130,9.2,0.3,70,1.232719225,7,26.8,16.7,6.27,0.22,11.6,30.92592593,54,8.2,12,18,14,60,NA,NA,NA,NA,NA,NA,1.451365604,0.419068015,0.357255489,12.3625052
"Grandview","155",5,56,251525.2124,7305994.936,1855541.152,-2763538.795,150.5510798,-24.33950805,1,125.2,214.3,1663,9.1,0.44,190,2.108170978,10,NA,NA,NA,NA,NA,NA,NA,NA,NA,NA,NA,NA,NA,NA,NA,NA,NA,NA,1.435341376,0.399425834,0.367328748,6.4194172
"Grandview","155",5,56,251525.2124,7305994.936,1855541.152,-2763538.795,150.5510798,-24.33950805,1.2,87.45,375.05,1579,9,0.64,360,3.288643103,15,25,18.2,8.29,0.28,16.3,35.68627451,51,4.2,10,13,12,61,NA,NA,NA,NA,NA,NA,1.401328663,0.379202563,0.411240674,0
"Grandview","155",5,56,251525.2124,7305994.936,1855541.152,-2763538.795,150.5510798,-24.33950805,1.4,72.25,465.65,1553,8.9,0.8,569,4.428172577,17,NA,NA,NA,NA,NA,NA,NA,NA,NA,NA,NA,NA,NA,NA,NA,NA,NA,NA,1.377467746,0.382093527,0.389052881,0
"Grandview","155",7,56,251272.4994,7306123.34,1855315.595,-2763370.129,150.5486132,-24.33830917,0.05,78.4,42,21.15,7.6,0.06,20,0.313156566,2,25.7,5.03,0.14,0.54,0.4,13.23684211,38,3.3,10,36,17,39,49,1.19,2.3,1.7,18.5,14.6,1.366306281,0.229902946,0.143157217,8.6745729
"Grandview","155",7,56,251272.4994,7306123.34,1855315.595,-2763370.129,150.5486132,-24.33830917,0.2,196.05,42,28.315,8.3,0.12,20,0.526741607,12,NA,NA,NA,NA,NA,NA,NA,NA,NA,NA,NA,NA,NA,NA,NA,NA,NA,NA,1.477992696,0.357914146,0.18425245,34.7323392
"Grandview","155",7,56,251272.4994,7306123.34,1855315.595,-2763370.129,150.5486132,-24.33830917,0.4,249.25,42,31.085,8.3,0.13,20,0.556395294,14,28.5,3.86,0.15,0.39,0.6,14.2962963,27,3.4,12,27,17,40,NA,NA,NA,NA,NA,NA,1.512904799,0.357914146,0.157148848,40.1530596
"Grandview","155",7,56,251272.4994,7306123.34,1855315.595,-2763370.129,150.5486132,-24.33830917,0.6,161.45,42,34.555,8.3,0.1,20,0.45414445,8,NA,NA,NA,NA,NA,NA,NA,NA,NA,NA,NA,NA,NA,NA,NA,NA,NA,NA,1.482281904,0.349090793,0.224445489,24.9290608
"Grandview","155",7,56,251272.4994,7306123.34,1855315.595,-2763370.129,150.5486132,-24.33830917,0.8,140.25,42,24.76,8.5,0.08,20,0.427565613,2,18.3,3.45,0.12,0.33,0.4,11.89655172,29,2.7,41,18,9,28,NA,NA,NA,NA,NA,NA,1.42790484,0.193502065,0.243596206,0
"Grandview","155",7,56,251272.4994,7306123.34,1855315.595,-2763370.129,150.5486132,-24.33830917,1,227.5,42,23.35,8.8,0.09,20,0.466235405,2,NA,NA,NA,NA,NA,NA,NA,NA,NA,NA,NA,NA,NA,NA,NA,NA,NA,NA,1.502918635,0.273283663,0.19779757,15.0972186
"Grandview","155",7,56,251272.4994,7306123.34,1855315.595,-2763370.129,150.5486132,-24.33830917,1.2,281.35,42,26.785,8.6,0.12,20,0.57873125,9,19.7,6.64,0.13,0.33,0.2,18.97142857,35,2.7,28,31,10,28,NA,NA,NA,NA,NA,NA,1.509635039,0.165062089,0.210538872,0
"Grandview","155",7,56,251272.4994,7306123.34,1855315.595,-2763370.129,150.5486132,-24.33830917,1.4,306.65,42,31.715,8.7,0.12,20,0.57873125,10,NA,NA,NA,NA,NA,NA,NA,NA,NA,NA,NA,NA,NA,NA,NA,NA,NA,NA,1.5,0.198181848,0.21278594,0
"Grandview","155",8,56,251626.4099,7306078.639,1855653.562,-2763471.573,150.552091,-24.33876884,0.05,191.15,42,176.7,8.6,0.16,20,0.588127466,13,41,12.2,0.92,0.63,1.7,22.59259259,54,4.7,9,18,17,57,5,1.56,2.3,2.4,13,19.4,1.44061077,0.342879071,0.280455832,6.2423239
"Grandview","155",8,56,251626.4099,7306078.639,1855653.562,-2763471.573,150.552091,-24.33876884,0.2,203.4,42,373.7,8.8,0.18,22,0.658854271,8,NA,NA,NA,NA,NA,NA,NA,NA,NA,NA,NA,NA,NA,NA,NA,NA,NA,NA,1.30065033,0.455481663,0.293126456,32.4710414
"Grandview","155",8,56,251626.4099,7306078.639,1855653.562,-2763471.573,150.552091,-24.33876884,0.4,156.75,42,725,9,0.22,22,0.756424759,6,36.4,17,3.65,0.28,6.8,31.48148148,54,5.2,7,11,16,62,NA,NA,NA,NA,NA,NA,1.274634118,0.454165442,0.301060453,30.6209978
"Grandview","155",8,56,251626.4099,7306078.639,1855653.562,-2763471.573,150.552091,-24.33876884,0.6,117.4,42,945.5,9.1,0.25,28,0.876901576,6,NA,NA,NA,NA,NA,NA,NA,NA,NA,NA,NA,NA,NA,NA,NA,NA,NA,NA,1.286767468,0.382401758,0.310057724,14.4688068
"Grandview","155",8,56,251626.4099,7306078.639,1855653.562,-2763471.573,150.552091,-24.33876884,0.8,95.35,72.35,1208.5,9.2,0.32,52,1.210775439,5,27.7,19.2,6.88,0.27,13.2,36.92307692,52,3.6,6,11,17,61,NA,NA,NA,NA,NA,NA,1.32487071,0.35935193,0.318961503,8.0780854
"Grandview","155",8,56,251626.4099,7306078.639,1855653.562,-2763471.573,150.552091,-24.33876884,1,93.35,246.55,1409.5,9.1,0.44,146,1.954262227,8,NA,NA,NA,NA,NA,NA,NA,NA,NA,NA,NA,NA,NA,NA,NA,NA,NA,NA,1.392431378,0.377220829,0.337335476,7.9770706
"Grandview","155",8,56,251626.4099,7306078.639,1855653.562,-2763471.573,150.552091,-24.33876884,1.2,54.4,422.45,974.5,8.9,0.68,429,3.480444975,11,20.9,18.1,7.78,0.29,16.6,38.5106383,47,4.9,4,13,16,67,NA,NA,NA,NA,NA,NA,1.426514874,0.380076887,0.35001198,6.0129814
"Grandview","155",8,56,251626.4099,7306078.639,1855653.562,-2763471.573,150.552091,-24.33876884,1.4,54.45,612.5,1132,8.7,0.82,671,4.567239282,12,NA,NA,NA,NA,NA,NA,NA,NA,NA,NA,NA,NA,NA,NA,NA,NA,NA,NA,1.45805868,0.405132317,0.3780317,5.4201234
"Grandview","155",9,56,251834.9944,7306052.179,1855852.731,-2763531.477,150.5541407,-24.33904076,0.05,53.05,42,101.4,7.9,0.07,20,0.326508331,10,16.5,8.61,0.44,0.27,1.3,27.77419355,31,3.1,27,16,12,48,1,1.55,1.8,1,43.1,17.6,1.648000811,0.277391913,0.150049627,12.7342286
"Grandview","155",9,56,251834.9944,7306052.179,1855852.731,-2763531.477,150.5541407,-24.33904076,0.2,36.675,42,199.95,8.7,0.1,20,0.428265805,9,NA,NA,NA,NA,NA,NA,NA,NA,NA,NA,NA,NA,NA,NA,NA,NA,NA,NA,1.573491621,0.360919896,0.239451988,24.2935816
"Grandview","155",9,56,251834.9944,7306052.179,1855852.731,-2763531.477,150.5541407,-24.33904076,0.4,62.1,42,433.7,9,0.17,20,0.63966022,8,15.7,13.7,2.11,0.14,5.6,36.05263158,38,3.2,24,16,10,51,NA,NA,NA,NA,NA,NA,1.53780494,0.373222123,0.262115419,22.2213408
"Grandview","155",9,56,251834.9944,7306052.179,1855852.731,-2763531.477,150.5541407,-24.33904076,0.6,63.5,42,691,9.2,0.25,36,0.978689286,7,NA,NA,NA,NA,NA,NA,NA,NA,NA,NA,NA,NA,NA,NA,NA,NA,NA,NA,1.534809533,0.389053286,0.270004461,23.809765
"Grandview","155",9,56,251834.9944,7306052.179,1855852.731,-2763531.477,150.5541407,-24.33904076,0.8,87.85,85.5,1144,9.2,0.36,107,1.637522657,16,9.31,15.4,4.36,0.18,12.5,44,35,3.1,24,16,10,53,NA,NA,NA,NA,NA,NA,1.540315943,0.374744895,0.279028459,19.1432872
"Grandview","155",9,56,251834.9944,7306052.179,1855852.731,-2763531.477,150.5541407,-24.33904076,1,80.45,158.35,1206,9.2,0.49,234,2.536095723,25,NA,NA,NA,NA,NA,NA,NA,NA,NA,NA,NA,NA,NA,NA,NA,NA,NA,NA,1.530914213,0.354578152,0.295648945,11.7858414
"Grandview","155",9,56,251834.9944,7306052.179,1855852.731,-2763531.477,150.5541407,-24.33904076,1.2,51.6,235.6,744,8.9,0.51,392,3.078547105,28,7.55,16.8,5.25,0.18,18.8,60,28,2.9,22,16,10,53,NA,NA,NA,NA,NA,NA,1.508867204,0.355898263,0.328063892,5.5668742
"Grandview","155",9,56,251834.9944,7306052.179,1855852.731,-2763531.477,150.5541407,-24.33904076,1.4,62,242.75,680,8.3,0.54,539,3.592947135,27,NA,NA,NA,NA,NA,NA,NA,NA,NA,NA,NA,NA,NA,NA,NA,NA,NA,NA,1.493808473,0.343397118,0.350370435,0
"Grandview","155",11,56,251764.309,7306206.481,1855808.993,-2763366.226,150.5534713,-24.33763716,0.05,88.55,42,64.95,8.3,0.11,20,0.474269874,7,25.4,9.43,0.3,0.39,0.7,23,41,3.2,30,18,10,44,1,2.14,1.5,0.8,26.2,14.3,1.605561094,0.32545039,0.214445077,11.1005313
"Grandview","155",11,56,251764.309,7306206.481,1855808.993,-2763366.226,150.5534713,-24.33763716,0.2,69.65,42,178.4,8.7,0.1,20,0.440591275,2,NA,NA,NA,NA,NA,NA,NA,NA,NA,NA,NA,NA,NA,NA,NA,NA,NA,NA,1.549578401,0.32545039,0.248132452,15.4635876
"Grandview","155",11,56,251764.309,7306206.481,1855808.993,-2763366.226,150.5534713,-24.33763716,0.4,29.245,42,217.75,8.8,0.08,20,0.366255405,6,17.9,12.6,1.76,0.16,4.4,31.5,40,3.3,27,17,8,46,NA,NA,NA,NA,NA,NA,1.52594439,0.334853044,0.251835113,16.6035862
"Grandview","155",11,56,251764.309,7306206.481,1855808.993,-2763366.226,150.5534713,-24.33763716,0.6,107.8,42,652.5,9.2,0.21,20,0.783504623,8,NA,NA,NA,NA,NA,NA,NA,NA,NA,NA,NA,NA,NA,NA,NA,NA,NA,NA,1.531154105,0.332919446,0.295431561,7.497577
"Grandview","155",11,56,251764.309,7306206.481,1855808.993,-2763366.226,150.5534713,-24.33763716,0.8,92.9,42,963,9.4,0.26,25,0.984419042,6,8.68,14.8,3.82,0.12,11.6,44.84848485,33,3.3,30,17,10,44,NA,NA,NA,NA,NA,NA,1.523721374,0.336431841,0.291438246,8.998719
"Grandview","155",11,56,251764.309,7306206.481,1855808.993,-2763366.226,150.5534713,-24.33763716,1,71.75,93.3,1194.5,9.4,0.37,88,1.698500286,12,NA,NA,NA,NA,NA,NA,NA,NA,NA,NA,NA,NA,NA,NA,NA,NA,NA,NA,1.525696351,0.343448843,0.323465363,3.996696
"Grandview","155",11,56,251764.309,7306206.481,1855808.993,-2763366.226,150.5534713,-24.33763716,1.2,57.65,158.05,1298.5,9.3,0.5,263,2.74765305,22,6.87,18,5.97,0.17,16.1,48.64864865,37,3,25,16,10,49,NA,NA,NA,NA,NA,NA,1.510646156,0.352531128,0.351857731,0.1346794
"Grandview","155",11,56,251764.309,7306206.481,1855808.993,-2763366.226,150.5534713,-24.33763716,1.4,24.275,191.8,720,9,0.56,436,3.51056801,23,NA,NA,NA,NA,NA,NA,NA,NA,NA,NA,NA,NA,NA,NA,NA,NA,NA,NA,1.474303764,0.372741019,0.374832001,0
"Grandview","155",12,56,252011.0332,7306175.374,1856044.612,-2763436.892,150.5558958,-24.33795704,0.05,43.945,42,126.55,8.3,0.08,20,0.358458267,6,24.6,10.9,0.7,0.29,1.9,30.27777778,36,3.5,26,17,11,49,12,1.17,1.8,1.5,24.8,16.2,1.611608693,0.349417398,0.180314289,16.9103109
"Grandview","155",12,56,252011.0332,7306175.374,1856044.612,-2763436.892,150.5558958,-24.33795704,0.2,29.185,42,168.6,8.6,0.07,20,0.324161312,5,NA,NA,NA,NA,NA,NA,NA,NA,NA,NA,NA,NA,NA,NA,NA,NA,NA,NA,1.483054926,0.43331383,0.23587547,39.487672
"Grandview","155",12,56,252011.0332,7306175.374,1856044.612,-2763436.892,150.5558958,-24.33795704,0.4,33.32,42,245.2,8.9,0.12,20,0.484154521,10,19.1,13.1,3,0.19,7.3,31.95121951,41,3.4,24,14,13,51,NA,NA,NA,NA,NA,NA,1.455240892,0.336548359,0.260829045,15.1438628
"Grandview","155",12,56,252011.0332,7306175.374,1856044.612,-2763436.892,150.5558958,-24.33795704,0.6,57.2,42,458.95,9,0.19,24,0.724753829,13,NA,NA,NA,NA,NA,NA,NA,NA,NA,NA,NA,NA,NA,NA,NA,NA,NA,NA,1.454867144,0.2814091,0.172426115,21.796597
"Grandview","155",12,56,252011.0332,7306175.374,1856044.612,-2763436.892,150.5558958,-24.33795704,0.8,77.1,157.55,1206,9.2,0.42,132,1.964728868,22,14.1,16.8,6.44,0.18,17.4,45.40540541,37,3.3,23,16,9,51,NA,NA,NA,NA,NA,NA,1.436287384,0.240228832,0.23062835,1.9200964
"Grandview","155",12,56,252011.0332,7306175.374,1856044.612,-2763436.892,150.5558958,-24.33795704,1,63,340,1332.5,9,0.68,423,3.880695517,36,NA,NA,NA,NA,NA,NA,NA,NA,NA,NA,NA,NA,NA,NA,NA,NA,NA,NA,1.474913736,0.238157429,0.300470406,0
"Grandview","155",12,56,252011.0332,7306175.374,1856044.612,-2763436.892,150.5558958,-24.33795704,1.2,46.35,506,1055,8.4,0.84,763,5.100211482,43,9.76,15.5,6.39,0.18,17.8,43.05555556,36,3.2,16,14,13,60,NA,NA,NA,NA,NA,NA,1.464059016,0.252167621,0.280665254,0
"Grandview","155",12,56,252011.0332,7306175.374,1856044.612,-2763436.892,150.5558958,-24.33795704,1.4,87.9,428.2,940.5,7.2,0.87,913,5.57845253,34,NA,NA,NA,NA,NA,NA,NA,NA,NA,NA,NA,NA,NA,NA,NA,NA,NA,NA,1.488459542,0.277186794,0.291535449,0
"Grandview","155",13,56,251580.8433,7306302.681,1855645.729,-2763240.804,150.5516811,-24.33673993,0.05,58.85,42,41.75,6.5,0.07,20,0.331369098,12,20.2,9.32,0.22,0.89,0.6,25.18918919,37,3.5,10,28,19,46,108,2.24,2.6,1.5,59,46.6,1.549099915,0.366,0.185810159,18.0189841
"Grandview","155",13,56,251580.8433,7306302.681,1855645.729,-2763240.804,150.5516811,-24.33673993,0.2,57.85,42,60.2,7.1,0.05,20,0.259278972,11,NA,NA,NA,NA,NA,NA,NA,NA,NA,NA,NA,NA,NA,NA,NA,NA,NA,NA,1.499955505,0.366276601,0.245024955,24.2503292
"Grandview","155",13,56,251580.8433,7306302.681,1855645.729,-2763240.804,150.5516811,-24.33673993,0.4,30.12,42,65.2,7.4,0.04,20,0.235730486,4,21.3,8.76,0.31,0.28,0.8,23.67567568,37,3.2,28,22,9,39,NA,NA,NA,NA,NA,NA,1.533301177,0.377848851,0.279412231,19.687324
"Grandview","155",13,56,251580.8433,7306302.681,1855645.729,-2763240.804,150.5516811,-24.33673993,0.6,87.75,42,72.55,8.2,0.1,20,0.457745757,4,NA,NA,NA,NA,NA,NA,NA,NA,NA,NA,NA,NA,NA,NA,NA,NA,NA,NA,1.614555161,0.396197052,0.31692426,15.8545584
"Grandview","155",13,56,251580.8433,7306302.681,1855645.729,-2763240.804,150.5516811,-24.33673993,0.8,164,42,63.6,8.6,0.1,20,0.536499013,1,15.3,7.56,0.28,0.26,1.1,29.07692308,26,2.2,57,16,7,22,NA,NA,NA,NA,NA,NA,1.605597513,0.383465331,0.323323657,12.0283348
"Grandview","155",13,56,251580.8433,7306302.681,1855645.729,-2763240.804,150.5516811,-24.33673993,1,257.5,42,115.9,8.8,0.13,20,0.653013498,1,NA,NA,NA,NA,NA,NA,NA,NA,NA,NA,NA,NA,NA,NA,NA,NA,NA,NA,1.632636916,0.364843838,0.329991381,6.9704914
"Grandview","155",13,56,251580.8433,7306302.681,1855645.729,-2763240.804,150.5516811,-24.33673993,1.2,258,46.02,153.8,8.8,0.15,20,0.609476737,5,17.8,13,0.56,0.24,1.9,43.33333333,30,3.5,12,35,12,43,NA,NA,NA,NA,NA,NA,1.48439326,0.346155934,0.318585895,5.5140078
"Grandview","155",13,56,251580.8433,7306302.681,1855645.729,-2763240.804,150.5516811,-24.33673993,1.4,258.75,95.85,161.35,8.8,0.17,20,0.673551292,11,NA,NA,NA,NA,NA,NA,NA,NA,NA,NA,NA,NA,NA,NA,NA,NA,NA,NA,1.556196829,0.361835628,0.376921791,0
"Grandview","155",15,56,251804.8711,7306346.782,1855871.499,-2763232.814,150.5538951,-24.33637758,0.05,171.7,42,74.4,8.4,0.13,20,0.532998155,16,27.8,7.82,0.28,0.35,0.7,18.61904762,42,3.3,27,19,8,46,1,1.19,1.6,1,11,12.6,1.443457667,0.310104619,0.191241427,11.8863192
"Grandview","155",15,56,251804.8711,7306346.782,1855871.499,-2763232.814,150.5538951,-24.33637758,0.2,60.05,42,102.85,8.4,0.08,20,0.366255405,7,NA,NA,NA,NA,NA,NA,NA,NA,NA,NA,NA,NA,NA,NA,NA,NA,NA,NA,1.422731177,0.427302013,0.271768355,31.1067316
"Grandview","155",15,56,251804.8711,7306346.782,1855871.499,-2763232.814,150.5538951,-24.33637758,0.4,45.795,42,174.65,8.5,0.07,20,0.326508331,8,21,12.9,1.17,0.2,2.9,31.46341463,41,3.5,28,16,10,48,NA,NA,NA,NA,NA,NA,1.395689795,0.444666043,0.320895924,24.7540238
"Grandview","155",15,56,251804.8711,7306346.782,1855871.499,-2763232.814,150.5538951,-24.33637758,0.6,42.715,42,322.75,8.9,0.16,20,0.620612011,6,NA,NA,NA,NA,NA,NA,NA,NA,NA,NA,NA,NA,NA,NA,NA,NA,NA,NA,1.380237028,0.439326477,0.341276808,19.6099338
"Grandview","155",15,56,251804.8711,7306346.782,1855871.499,-2763232.814,150.5538951,-24.33637758,0.8,101.7,42,738,9.1,0.22,20,0.803824344,5,13.8,16.9,3.31,0.18,8.5,43.33333333,39,3.4,31,14,7,48,NA,NA,NA,NA,NA,NA,1.384954922,0.450912001,0.36570009,17.0423822
"Grandview","155",15,56,251804.8711,7306346.782,1855871.499,-2763232.814,150.5538951,-24.33637758,1,104.3,42,927,9.3,0.27,21,0.959847104,10,NA,NA,NA,NA,NA,NA,NA,NA,NA,NA,NA,NA,NA,NA,NA,NA,NA,NA,1.388228933,0.436059873,0.391254,8.9611746
"Grandview","155",15,56,251804.8711,7306346.782,1855871.499,-2763232.814,150.5538951,-24.33637758,1.2,101.35,84.3,911.5,9.4,0.31,33,1.196456491,14,7.51,14.5,4.12,0.13,15.8,55.76923077,26,2.7,25,17,15,44,NA,NA,NA,NA,NA,NA,1.417777695,0.388603494,0.377220377,2.2766234
"Grandview","155",15,56,251804.8711,7306346.782,1855871.499,-2763232.814,150.5538951,-24.33637758,1.4,104.15,105.3,1012,9.4,0.37,72,1.619966724,22,NA,NA,NA,NA,NA,NA,NA,NA,NA,NA,NA,NA,NA,NA,NA,NA,NA,NA,1.444306319,0.326505165,0.348140472,0
"Grandview","155",16,56,252020.6908,7306392.293,1856089.492,-2763222.099,150.5560285,-24.33600118,0.05,83.55,42,148.95,8.3,0.13,20,0.503380029,5,33.3,13.7,0.82,0.51,1.6,27.4,50,4.1,18,13,10,55,1,1.37,2,0.8,21.9,17.6,1.444417804,0.265154207,0.168902494,9.6251713
"Grandview","155",16,56,252020.6908,7306392.293,1856089.492,-2763222.099,150.5560285,-24.33600118,0.2,37.535,42,217.4,8.6,0.1,20,0.409197399,11,NA,NA,NA,NA,NA,NA,NA,NA,NA,NA,NA,NA,NA,NA,NA,NA,NA,NA,1.442241917,0.352574112,0.269470066,16.6208092
"Grandview","155",16,56,252020.6908,7306392.293,1856089.492,-2763222.099,150.5560285,-24.33600118,0.4,43.605,42,289.5,8.8,0.13,20,0.491937167,16,25.8,15.1,2.97,0.18,5.9,30.2,50,4.3,18,15,10,59,NA,NA,NA,NA,NA,NA,1.432394054,0.374327565,0.28140954,18.583605
"Grandview","155",16,56,252020.6908,7306392.293,1856089.492,-2763222.099,150.5560285,-24.33600118,0.6,63.3,42,484.8,9,0.21,28,0.772841805,13,NA,NA,NA,NA,NA,NA,NA,NA,NA,NA,NA,NA,NA,NA,NA,NA,NA,NA,1.461808007,0.362672372,0.3194705,8.6403744
"Grandview","155",16,56,252020.6908,7306392.293,1856089.492,-2763222.099,150.5560285,-24.33600118,0.8,62.7,137.65,689,9,0.32,133,1.498005102,21,19.1,18.2,6.86,0.22,14.6,38.72340426,47,4.4,14,14,12,62,NA,NA,NA,NA,NA,NA,1.542154636,0.363151493,0.316662033,9.297892
"Grandview","155",16,56,252020.6908,7306392.293,1856089.492,-2763222.099,150.5560285,-24.33600118,1,76.2,348.5,757.5,8.7,0.54,418,3.053740601,34,NA,NA,NA,NA,NA,NA,NA,NA,NA,NA,NA,NA,NA,NA,NA,NA,NA,NA,1.539662976,0.32585116,0.325444831,0.0812658
"Grandview","155",16,56,252020.6908,7306392.293,1856089.492,-2763222.099,150.5560285,-24.33600118,1.2,91.25,581,1121,8.1,0.73,697,4.448196123,31,15.7,18.5,7.64,0.24,20.6,50,37,3.9,16,13,11,62,NA,NA,NA,NA,NA,NA,1.545545849,0.295840313,0.33165876,0
"Grandview","155",16,56,252020.6908,7306392.293,1856089.492,-2763222.099,150.5560285,-24.33600118,1.4,79.7,856.5,1109,5.8,0.75,708,4.550865557,18,NA,NA,NA,NA,NA,NA,NA,NA,NA,NA,NA,NA,NA,NA,NA,NA,NA,NA,1.541488961,0.306370472,0.340631797,0
"Sunbury","Jodies",1,55,771915.6831,6784411.623,1706976.977,-3274677.605,149.7922199,-29.03957814,0.05,70.85,42,340.95,8.1,0.21,32,0.806833054,20,27.3,9.54,2.16,1.14,5.5,23.85,40,5.8,7,30,11,56,10,0.9,1.2,1.3,19.3,15.4,1.155040218,0.258922644,0.209133192,4.9789452
"Sunbury","Jodies",1,55,771915.6831,6784411.623,1706976.977,-3274677.605,149.7922199,-29.03957814,0.2,131.9,48.08,676,8.7,0.25,66,1.083173831,11,NA,NA,NA,NA,NA,NA,NA,NA,NA,NA,NA,NA,NA,NA,NA,NA,NA,NA,1.215627951,0.414648825,0.308336712,21.2624226
"Sunbury","Jodies",1,55,771915.6831,6784411.623,1706976.977,-3274677.605,149.7922199,-29.03957814,0.4,144,376.15,1228.5,8.6,0.63,394,3.492109432,12,26.8,9.57,2.13,1.15,5,22.25581395,43,4.6,7,28,13,55,NA,NA,NA,NA,NA,NA,1.224774579,0.432468901,0.367324535,13.0288732
"Sunbury","Jodies",1,55,771915.6831,6784411.623,1706976.977,-3274677.605,149.7922199,-29.03957814,0.6,20350,54300,2397.5,7.8,3.75,1140,16.92655336,7,NA,NA,NA,NA,NA,NA,NA,NA,NA,NA,NA,NA,NA,NA,NA,NA,NA,NA,1.218575115,0.469193724,0.418959213,10.0469022
"Sunbury","Jodies",1,55,771915.6831,6784411.623,1706976.977,-3274677.605,149.7922199,-29.03957814,0.8,23060,61150,2582.5,7.8,4.05,1440,19.03258622,2,20.4,11,8.64,0.75,25.7,25.58139535,43,8.7,7,28,13,55,NA,NA,NA,NA,NA,NA,1.159074195,0.468845996,0.415386354,10.6919284
"Sunbury","Jodies",1,55,771915.6831,6784411.623,1706976.977,-3274677.605,149.7922199,-29.03957814,1,17015,47940,2991.5,7.8,4.29,1790,21.05588805,2,NA,NA,NA,NA,NA,NA,NA,NA,NA,NA,NA,NA,NA,NA,NA,NA,NA,NA,1.142619425,0.462190035,0.457683347,0.9013376
"Sunbury","Jodies",1,55,771915.6831,6784411.623,1706976.977,-3274677.605,149.7922199,-29.03957814,1.2,6345,22685,3564.5,8.1,4.47,2150,22.0784587,2,28.1,15,12.6,1.29,20,23.80952381,63,6.2,5,18,19,60,NA,NA,NA,NA,NA,NA,1.168526276,0.472669367,0.458820907,2.769692
"Sunbury","Jodies",1,55,771915.6831,6784411.623,1706976.977,-3274677.605,149.7922199,-29.03957814,1.4,247.5,1672,2939,8.3,2.14,2300,13.85035922,3,NA,NA,NA,NA,NA,NA,NA,NA,NA,NA,NA,NA,NA,NA,NA,NA,NA,NA,1.104069228,0.446596464,0.475725559,0
"Sunbury","Jodies",2,55,773210.3643,6784186.859,1708220.916,-3275050.163,149.8055563,-29.04132741,0.05,106.65,213.85,1200.5,7.2,1.15,1470,7.924989581,54,25.6,11.9,4.65,2.55,11.2,28.33333333,42,8.3,4,26,13,61,10,0.95,1.4,1.3,31.8,16,1.282987437,0.295122455,0.192215811,10.2906644
"Sunbury","Jodies",2,55,773210.3643,6784186.859,1708220.916,-3275050.163,149.8055563,-29.04132741,0.2,98.45,545.5,1502.5,8.2,1.42,1730,9.591444065,19,NA,NA,NA,NA,NA,NA,NA,NA,NA,NA,NA,NA,NA,NA,NA,NA,NA,NA,1.193281585,0.420642863,0.320110328,20.106507
"Sunbury","Jodies",2,55,773210.3643,6784186.859,1708220.916,-3275050.163,149.8055563,-29.04132741,0.4,6035,20490,3088,7.8,4.37,2170,21.78447054,10,29.3,12.4,10.4,1,17.9,21.37931034,58,6,4,20,17,60,NA,NA,NA,NA,NA,NA,1.221272886,0.457481966,0.388296423,13.8371086
"Sunbury","Jodies",2,55,773210.3643,6784186.859,1708220.916,-3275050.163,149.8055563,-29.04132741,0.6,19470,53050,3199.5,7.8,4.62,2430,23.42346486,3,NA,NA,NA,NA,NA,NA,NA,NA,NA,NA,NA,NA,NA,NA,NA,NA,NA,NA,1.198873342,0.487317415,0.41590498,14.282487
"Sunbury","Jodies",2,55,773210.3643,6784186.859,1708220.916,-3275050.163,149.8055563,-29.04132741,0.8,19765,54800,3564.5,7.8,4.92,2720,25.31980549,3,26.6,12.4,11.4,1.08,20.7,22.54545455,55,8.1,4,20,17,60,NA,NA,NA,NA,NA,NA,1.135168623,0.497338729,0.418092084,15.849329
"Sunbury","Jodies",2,55,773210.3643,6784186.859,1708220.916,-3275050.163,149.8055563,-29.04132741,1,9935,37615,4266.5,7.8,5.27,3300,28.18745039,3,NA,NA,NA,NA,NA,NA,NA,NA,NA,NA,NA,NA,NA,NA,NA,NA,NA,NA,1.102046144,0.482827147,0.440920849,8.3812596
"Sunbury","Jodies",2,55,773210.3643,6784186.859,1708220.916,-3275050.163,149.8055563,-29.04132741,1.2,240.8,1503,3438,8.1,3.24,4050,20.01064854,4,26.3,14.5,15.3,1.28,30,28.43137255,51,6.3,3,13,11,75,NA,NA,NA,NA,NA,NA,1.163393368,0.50970452,0.511023255,0
"Sunbury","Jodies",2,55,773210.3643,6784186.859,1708220.916,-3275050.163,149.8055563,-29.04132741,1.4,228.05,1230.5,3943,8.2,3.25,4290,20.51529523,2,NA,NA,NA,NA,NA,NA,NA,NA,NA,NA,NA,NA,NA,NA,NA,NA,NA,NA,1.165541489,0.510645653,0.437310176,14.6670954
"Sunbury","Jodies",3,55,772378.2219,6784331.466,1707421.405,-3274810.565,149.7969844,-29.04020196,0.05,77.6,72.65,421.4,7.5,0.46,383,2.768485802,63,30.7,7.38,2.3,1.56,5.4,17.1627907,43,4.8,5,24,12,57,5,0.92,1.2,0.9,19.4,14.1,1.286420561,0.316363509,0.204622718,11.1740791
"Sunbury","Jodies",3,55,772378.2219,6784331.466,1707421.405,-3274810.565,149.7969844,-29.04020196,0.2,95.7,286.5,811,8.3,0.65,651,4.190455417,20,NA,NA,NA,NA,NA,NA,NA,NA,NA,NA,NA,NA,NA,NA,NA,NA,NA,NA,1.25219973,0.420195124,0.28537893,26.9632388
"Sunbury","Jodies",3,55,772378.2219,6784331.466,1707421.405,-3274810.565,149.7969844,-29.04020196,0.4,143.05,890,1542,8.2,1.25,1220,7.795235158,13,31.3,9.84,7,0.95,15.3,21.39130435,46,5,5,23,12,60,NA,NA,NA,NA,NA,NA,1.279010055,0.423268589,0.321677049,20.318308
"Sunbury","Jodies",3,55,772378.2219,6784331.466,1707421.405,-3274810.565,149.7969844,-29.04020196,0.6,13545,39745,2847,7.8,4.04,1580,18.84235986,6,NA,NA,NA,NA,NA,NA,NA,NA,NA,NA,NA,NA,NA,NA,NA,NA,NA,NA,1.287747964,0.435824987,0.399636762,7.237645
"Sunbury","Jodies",3,55,772378.2219,6784331.466,1707421.405,-3274810.565,149.7969844,-29.04020196,0.8,16725,48035,3180,7.8,4.27,1740,20.13655343,2,25.8,12.6,10.4,1.22,18.9,22.90909091,55,7.3,5,23,12,60,NA,NA,NA,NA,NA,NA,1.270157797,0.445293217,0.474105823,0
"Sunbury","Jodies",3,55,772378.2219,6784331.466,1707421.405,-3274810.565,149.7969844,-29.04020196,1,11785,35875,3707.5,7.8,4.49,1960,21.57768215,3,NA,NA,NA,NA,NA,NA,NA,NA,NA,NA,NA,NA,NA,NA,NA,NA,NA,NA,1.226435436,0.456582208,0.454403504,0.4357408
"Sunbury","Jodies",3,55,772378.2219,6784331.466,1707421.405,-3274810.565,149.7969844,-29.04020196,1.2,4762,19210,3726,7.8,4.49,2060,21.32892864,1,25.9,14.4,12.9,1.32,22.2,24.82758621,58,6.1,5,20,14,64,NA,NA,NA,NA,NA,NA,1.202476555,0.469323035,0.44121732,5.621143
"Sunbury","Jodies",3,55,772378.2219,6784331.466,1707421.405,-3274810.565,149.7969844,-29.04020196,1.4,172.1,2121,2952,8.1,2.38,2190,14.10223801,2,NA,NA,NA,NA,NA,NA,NA,NA,NA,NA,NA,NA,NA,NA,NA,NA,NA,NA,1.143615611,0.488710673,0.43800416,10.1413026
"Sunbury","Jodies",4,55,772415.3644,6784483.659,1707475.687,-3274661.88,149.7973284,-29.03882198,0.05,99.9,90.1,537,7.6,0.49,471,3.015487493,39,36.3,25.5,2.17,2.03,3.1,36.95652174,69,5.9,4,23,16,61,9,0.84,1.5,1.5,23.7,16.5,1.21085464,0.347862328,0.190847203,15.7015125
"Sunbury","Jodies",4,55,772415.3644,6784483.659,1707475.687,-3274661.88,149.7973284,-29.03882198,0.2,143.3,357.85,1113,8.3,0.85,925,5.485903526,20,NA,NA,NA,NA,NA,NA,NA,NA,NA,NA,NA,NA,NA,NA,NA,NA,NA,NA,1.238987788,0.401623272,0.341601186,12.0044172
"Sunbury","Jodies",4,55,772415.3644,6784483.659,1707475.687,-3274661.88,149.7973284,-29.03882198,0.4,10355,30985,3052.5,7.9,4.19,1740,19.73429978,14,27.2,12.8,10.2,1.21,17.3,21.69491525,59,5.7,4,23,16,61,NA,NA,NA,NA,NA,NA,1.235505138,0.462917908,0.455750671,1.4334474
"Sunbury","Jodies",4,55,772415.3644,6784483.659,1707475.687,-3274661.88,149.7973284,-29.03882198,0.6,18005,51250,3510,7.9,4.69,2240,22.96692929,7,NA,NA,NA,NA,NA,NA,NA,NA,NA,NA,NA,NA,NA,NA,NA,NA,NA,NA,1.192127324,0.48843909,0.469749423,3.7379334
"Sunbury","Jodies",4,55,772415.3644,6784483.659,1707475.687,-3274661.88,149.7973284,-29.03882198,0.8,4598.5,18585,4514.5,7.9,4.85,3270,26.37923646,4,20.6,13.1,13.9,1.05,28.4,26.73469388,49,6.3,5,14,18,61,NA,NA,NA,NA,NA,NA,1.158873591,0.486022428,0.477829396,1.6386064
"Sunbury","Jodies",4,55,772415.3644,6784483.659,1707475.687,-3274661.88,149.7973284,-29.03882198,1,1419.5,8670,4672.5,7.8,4.99,3870,28.43822769,2,NA,NA,NA,NA,NA,NA,NA,NA,NA,NA,NA,NA,NA,NA,NA,NA,NA,NA,1.128526493,0.509160822,0.472634267,7.305311
"Sunbury","Jodies",4,55,772415.3644,6784483.659,1707475.687,-3274661.88,149.7973284,-29.03882198,1.2,193.45,1291.5,3807.5,8.2,3.34,4490,21.67364611,3,21,13.3,14.3,1.05,32,29.55555556,45,6.3,2,17,11,72,NA,NA,NA,NA,NA,NA,1.1565158,0.537737874,0.487733254,10.000924
"Sunbury","Jodies",4,55,772415.3644,6784483.659,1707475.687,-3274661.88,149.7973284,-29.03882198,1.4,220.05,1142,3916,8.2,3.21,4310,20.81961294,2,NA,NA,NA,NA,NA,NA,NA,NA,NA,NA,NA,NA,NA,NA,NA,NA,NA,NA,1.1565158,0.53943021,0.555127584,0
"Sunbury","Jodies",5,55,773550.7145,6784286.457,1708566.525,-3274988.684,149.8090235,-29.0403565,0.05,78.2,68.65,245.05,8,0.15,20,0.555076378,11,32.3,7.73,1.14,1.79,2.7,18.4047619,42,4.2,5,24,13,58,7,1.31,1.1,1.9,25.7,17.8,1.28320513,0.381374238,0.244756099,13.6618139
"Sunbury","Jodies",5,55,773550.7145,6784286.457,1708566.525,-3274988.684,149.8090235,-29.0403565,0.2,2270.5,7175,734.5,8.6,0.16,22,0.595593839,9,NA,NA,NA,NA,NA,NA,NA,NA,NA,NA,NA,NA,NA,NA,NA,NA,NA,NA,1.175656561,0.424216248,0.263511634,32.1409228
"Sunbury","Jodies",5,55,773550.7145,6784286.457,1708566.525,-3274988.684,149.8090235,-29.0403565,0.4,15910,42165,1222,7.8,1.81,47,5.157057965,10,36.6,6.76,3.14,1.06,6.8,14.69565217,46,5,5,23,14,60,NA,NA,NA,NA,NA,NA,1.256661995,0.43279379,0.2879481,28.969138
"Sunbury","Jodies",5,55,773550.7145,6784286.457,1708566.525,-3274988.684,149.8090235,-29.0403565,0.6,17980,49025,1935.5,7.8,1.33,208,5.021414978,10,NA,NA,NA,NA,NA,NA,NA,NA,NA,NA,NA,NA,NA,NA,NA,NA,NA,NA,1.210298289,0.411163782,0.33021187,16.1903824
"Sunbury","Jodies",5,55,773550.7145,6784286.457,1708566.525,-3274988.684,149.8090235,-29.0403565,0.8,17580,50000,2263.5,7.9,3.64,436,13.05930755,4,26.5,11.8,7.94,1.05,15.3,22.69230769,52,7.7,5,23,14,60,NA,NA,NA,NA,NA,NA,1.267803954,0.455084125,0.427284602,5.5599046
"Sunbury","Jodies",5,55,773550.7145,6784286.457,1708566.525,-3274988.684,149.8090235,-29.0403565,1,16560,48160,2856.5,7.9,4.08,737,15.86210895,4,NA,NA,NA,NA,NA,NA,NA,NA,NA,NA,NA,NA,NA,NA,NA,NA,NA,NA,1.238937316,0.468203056,0.42374454,8.8917032
"Sunbury","Jodies",5,55,773550.7145,6784286.457,1708566.525,-3274988.684,149.8090235,-29.0403565,1.2,8220,26785,3270.5,7.8,4.15,1080,17.48430698,1,23.8,15.4,15.5,1.7,30,29.61538462,52,6.8,5,23,14,60,NA,NA,NA,NA,NA,NA,1.213104991,0.453278299,0.465224543,0
"Sunbury","Jodies",5,55,773550.7145,6784286.457,1708566.525,-3274988.684,149.8090235,-29.0403565,1.4,7375,26175,3241.5,7.8,4.3,1340,18.9174066,2,NA,NA,NA,NA,NA,NA,NA,NA,NA,NA,NA,NA,NA,NA,NA,NA,NA,NA,1.214591412,0.497859591,0.495451395,0.4816392
"Sunbury","Jodies",6,55,773264.9877,6784477.598,1708308.587,-3274764.276,149.8060457,-29.03869467,0.05,138.95,78,513,8.8,0.34,168,1.599928881,14,32.3,13.4,1.1,1.2,2.3,27.91666667,48,5.5,7,15,10,69,1,0.29,0.9,1,3.6,13.5,1.160550771,0.337104406,0.182326792,15.4777614
"Sunbury","Jodies",6,55,773264.9877,6784477.598,1708308.587,-3274764.276,149.8060457,-29.03869467,0.2,165.85,303.7,941,8.7,0.71,635,4.024870051,12,NA,NA,NA,NA,NA,NA,NA,NA,NA,NA,NA,NA,NA,NA,NA,NA,NA,NA,1.184557772,0.417681446,0.260641945,31.4079002
"Sunbury","Jodies",6,55,773264.9877,6784477.598,1708308.587,-3274764.276,149.8060457,-29.03869467,0.4,226.2,1934,2606.5,8.5,1.85,1570,10.95988448,1,24.7,15.1,13.4,1.51,27.9,31.45833333,48,5.1,4,22,15,60,NA,NA,NA,NA,NA,NA,1.167547073,0.41541098,0.29273775,24.534646
"Sunbury","Jodies",6,55,773264.9877,6784477.598,1708308.587,-3274764.276,149.8060457,-29.03869467,0.6,3948,16595,2959.5,7.8,3.75,1290,16.91295868,6,NA,NA,NA,NA,NA,NA,NA,NA,NA,NA,NA,NA,NA,NA,NA,NA,NA,NA,1.238446432,0.460168183,0.398769585,12.2797196
"Sunbury","Jodies",6,55,773264.9877,6784477.598,1708308.587,-3274764.276,149.8060457,-29.03869467,0.8,5780,20910,3254,7.8,4.4,1860,21.09561562,3,27.3,10.3,7.72,0.94,17.7,23.40909091,44,5.6,5,19,20,59,NA,NA,NA,NA,NA,NA,1.237493881,0.483388897,0.431078949,10.4619896
"Sunbury","Jodies",6,55,773264.9877,6784477.598,1708308.587,-3274764.276,149.8060457,-29.03869467,1,6880,26805,4171.5,7.7,4.73,2290,23.5637049,2,NA,NA,NA,NA,NA,NA,NA,NA,NA,NA,NA,NA,NA,NA,NA,NA,NA,NA,1.18960738,0.47180074,0.461695447,2.0210586
"Sunbury","Jodies",6,55,773264.9877,6784477.598,1708308.587,-3274764.276,149.8060457,-29.03869467,1.2,6880,26805,4171.5,7.7,4.73,2290,23.5637049,2,27.3,10.3,7.72,0.94,17.7,23.40909091,44,5.6,5,19,20,59,NA,NA,NA,NA,NA,NA,1.158878076,0.462422715,0.453858614,1.7128202
"Sunbury","Jodies",6,55,773264.9877,6784477.598,1708308.587,-3274764.276,149.8060457,-29.03869467,1.4,6880,26805,4171.5,7.7,4.73,2290,23.5637049,2,NA,NA,NA,NA,NA,NA,NA,NA,NA,NA,NA,NA,NA,NA,NA,NA,NA,NA,1.17262753,0.487892195,0.48053321,1.471797
"Sunbury","Jodies",7,55,772715.51,6784573.73,1707780.734,-3274605.417,149.8003855,-29.03794577,0.05,60.6,137.8,711.5,7.4,0.63,677,4.17525399,32,27.5,10.7,3.52,2.76,8.3,24.88372093,43,4.4,4,29,14,57,16,1.13,1.4,1.1,33.7,18,1.04651078,0.352545881,0.182658951,16.988693
"Sunbury","Jodies",7,55,772715.51,6784573.73,1707780.734,-3274605.417,149.8003855,-29.03794577,0.2,129.65,381.35,1169.5,8.5,0.8,800,5.154421123,15,NA,NA,NA,NA,NA,NA,NA,NA,NA,NA,NA,NA,NA,NA,NA,NA,NA,NA,1.18165392,0.435397914,0.290399756,28.9996316
"Sunbury","Jodies",7,55,772715.51,6784573.73,1707780.734,-3274605.417,149.8003855,-29.03794577,0.4,4806,17940,2729.5,7.8,3.8,1420,17.51037056,10,30,12.2,9.6,1.17,16.8,21.40350877,57,5.8,4,23,18,60,NA,NA,NA,NA,NA,NA,1.232859465,0.437656786,0.386595183,10.2123206
"Sunbury","Jodies",7,55,772715.51,6784573.73,1707780.734,-3274605.417,149.8003855,-29.03794577,0.6,19225,54050,3113,7.8,4.3,1740,20.23962427,5,NA,NA,NA,NA,NA,NA,NA,NA,NA,NA,NA,NA,NA,NA,NA,NA,NA,NA,1.224661705,0.435250991,0.442331906,0
"Sunbury","Jodies",7,55,772715.51,6784573.73,1707780.734,-3274605.417,149.8003855,-29.03794577,0.8,23165,64750,3098.5,7.8,4.34,1820,20.6272778,3,24.3,11.8,10.2,1.17,24.9,28.7804878,41,8.6,4,23,18,60,NA,NA,NA,NA,NA,NA,1.168336897,0.454906215,0.449299453,1.1213524
"Sunbury","Jodies",7,55,772715.51,6784573.73,1707780.734,-3274605.417,149.8003855,-29.03794577,1,17365,50200,3600,7.8,4.57,2040,22.09940364,1,NA,NA,NA,NA,NA,NA,NA,NA,NA,NA,NA,NA,NA,NA,NA,NA,NA,NA,1.154106898,0.481483936,0.462081583,3.8804706
"Sunbury","Jodies",7,55,772715.51,6784573.73,1707780.734,-3274605.417,149.8003855,-29.03794577,1.2,210,3007,3336,8.2,2.72,2590,15.46208781,2,26.4,14.9,14.3,1.32,27,28.11320755,53,5.8,3,12,15,72,NA,NA,NA,NA,NA,NA,1.147284613,0.509990785,0.494947217,3.0087136
"Sunbury","Jodies",7,55,772715.51,6784573.73,1707780.734,-3274605.417,149.8003855,-29.03794577,1.4,308.5,1279.5,3267.5,8.3,2.39,2830,14.73802391,1,NA,NA,NA,NA,NA,NA,NA,NA,NA,NA,NA,NA,NA,NA,NA,NA,NA,NA,1.172642305,0.571017127,0.538161788,6.5710678
"Sunbury","Jodies",8,55,772607.5859,6784857.861,1707708.148,-3274307.741,149.7992092,-29.03540739,0.05,81.05,102.05,686,7.3,0.7,855,4.888691164,22,28.3,10.7,3.75,1.99,8.4,23.77777778,45,4.4,4,26,16,57,19,0.34,1.4,1.8,44.4,19.4,1.30468413,0.431923744,0.207289853,22.4633891
"Sunbury","Jodies",8,55,772607.5859,6784857.861,1707708.148,-3274307.741,149.7992092,-29.03540739,0.2,114.65,381.7,1240.5,8,1.1,1350,7.697676137,15,NA,NA,NA,NA,NA,NA,NA,NA,NA,NA,NA,NA,NA,NA,NA,NA,NA,NA,1.292668972,0.462968565,0.291692175,34.255278
"Sunbury","Jodies",8,55,772607.5859,6784857.861,1707708.148,-3274307.741,149.7992092,-29.03540739,0.4,155.75,769.5,1688,8.2,1.46,1720,9.36814504,7,28.9,12.9,10,1.42,18.9,24.33962264,53,5,3,20,17,66,NA,NA,NA,NA,NA,NA,1.253112875,0.45306928,0.36721486,17.170884
"Sunbury","Jodies",8,55,772607.5859,6784857.861,1707708.148,-3274307.741,149.7992092,-29.03540739,0.6,4810,18595,3327,7.7,4.27,2080,20.37486758,7,NA,NA,NA,NA,NA,NA,NA,NA,NA,NA,NA,NA,NA,NA,NA,NA,NA,NA,1.253723563,0.487388159,0.464188559,4.63992
"Sunbury","Jodies",8,55,772607.5859,6784857.861,1707708.148,-3274307.741,149.7992092,-29.03540739,0.8,4001,16460,3686,7.7,4.47,2700,23.47730268,2,26.5,13.7,11.9,1.36,24.2,27.95918367,49,5.6,3,18,20,61,NA,NA,NA,NA,NA,NA,1.243943204,0.492041775,0.477917624,2.8248302
"Sunbury","Jodies",8,55,772607.5859,6784857.861,1707708.148,-3274307.741,149.7992092,-29.03540739,1,359.7,3940.5,3534.5,8.1,2.92,2800,17.95363001,3,NA,NA,NA,NA,NA,NA,NA,NA,NA,NA,NA,NA,NA,NA,NA,NA,NA,NA,1.217618334,0.521497581,0.495572915,5.1849332
"Sunbury","Jodies",8,55,772607.5859,6784857.861,1707708.148,-3274307.741,149.7992092,-29.03540739,1.2,290.7,1246,3387,8.2,2.71,3390,17.07813828,3,28.7,15.6,15.1,1.47,24.4,25.16129032,62,5.8,3,14,14,72,NA,NA,NA,NA,NA,NA,1.181671767,0.506101914,0.465236087,8.1731654
"Sunbury","Jodies",8,55,772607.5859,6784857.861,1707708.148,-3274307.741,149.7992092,-29.03540739,1.4,256.8,1101.5,3563.5,8.3,2.5,3150,15.80047074,2,NA,NA,NA,NA,NA,NA,NA,NA,NA,NA,NA,NA,NA,NA,NA,NA,NA,NA,1.159044003,0.496410597,0.482200753,2.8419688
"Sunbury","Jodies",9,55,773640.4368,6784678.619,1708700.52,-3274604.885,149.8098481,-29.03680188,0.05,72.6,144.4,178.85,7.5,0.1,20,0.399520635,10,29.1,11.4,1.89,2.21,4.3,25.90909091,44,4,4,26,14,59,14,1.02,1.4,1.3,44.1,21.4,1.178666339,0.361026621,0.218905451,14.212117
"Sunbury","Jodies",9,55,773640.4368,6784678.619,1708700.52,-3274604.885,149.8098481,-29.03680188,0.2,223.3,42,224.9,8.5,0.13,60,0.638803525,9,NA,NA,NA,NA,NA,NA,NA,NA,NA,NA,NA,NA,NA,NA,NA,NA,NA,NA,1.233659675,0.425006049,0.265507334,31.899743
"Sunbury","Jodies",9,55,773640.4368,6784678.619,1708700.52,-3274604.885,149.8098481,-29.03680188,0.4,185.05,280.9,714,8.9,0.36,54,1.31961928,9,28,11.4,6.43,0.79,14.6,25.90909091,44,4.8,4,18,13,64,NA,NA,NA,NA,NA,NA,1.240964063,0.429401439,0.272870794,31.306129
"Sunbury","Jodies",9,55,773640.4368,6784678.619,1708700.52,-3274604.885,149.8098481,-29.03680188,0.6,7480,25885,2175.5,7.8,3.32,192,10.35650175,10,NA,NA,NA,NA,NA,NA,NA,NA,NA,NA,NA,NA,NA,NA,NA,NA,NA,NA,1.2537407,0.451234573,0.335908606,23.0651934
"Sunbury","Jodies",9,55,773640.4368,6784678.619,1708700.52,-3274604.885,149.8098481,-29.03680188,0.8,10855,43300,3164,7.8,4.05,690,15.22289339,7,24,12.4,12,1.28,27.9,28.8372093,43,7.2,4,18,13,64,NA,NA,NA,NA,NA,NA,1.217487994,0.454813715,0.418329457,7.2968516
"Sunbury","Jodies",9,55,773640.4368,6784678.619,1708700.52,-3274604.885,149.8098481,-29.03680188,1,7105,27795,3723.5,7.8,4.45,1470,19.39103973,5,NA,NA,NA,NA,NA,NA,NA,NA,NA,NA,NA,NA,NA,NA,NA,NA,NA,NA,1.159955885,0.450576262,0.425713586,4.9725352
"Sunbury","Jodies",9,55,773640.4368,6784678.619,1708700.52,-3274604.885,149.8098481,-29.03680188,1.2,13965,60400,3604,7.7,4.47,1730,20.28087875,2,25.6,12.6,12.3,1.24,23.2,23.77358491,53,7.7,4,18,13,64,NA,NA,NA,NA,NA,NA,1.172976098,0.469607306,0.445583956,4.80467
"Sunbury","Jodies",9,55,773640.4368,6784678.619,1708700.52,-3274604.885,149.8098481,-29.03680188,1.4,10460,42550,4115,7.7,4.65,1910,21.43249655,2,NA,NA,NA,NA,NA,NA,NA,NA,NA,NA,NA,NA,NA,NA,NA,NA,NA,NA,1.169028051,0.468026685,0.437577849,6.0897672
"Sunbury","Jodies",10,55,772825.5018,6785014.704,1707940.341,-3274174.877,149.8014064,-29.0339468,0.05,69.5,56.7,250.75,7.5,0.2,98,0.980224237,19,28.3,8.87,2.75,2.04,6.4,20.62790698,43,4.3,4,20,16,62,14,1.02,1.4,1.1,37.5,20.5,1.059866296,0.347098944,0.210514362,13.6584582
"Sunbury","Jodies",10,55,772825.5018,6785014.704,1707940.341,-3274174.877,149.8014064,-29.0339468,0.2,220.7,247.4,714.5,8.3,0.55,503,3.298700121,12,NA,NA,NA,NA,NA,NA,NA,NA,NA,NA,NA,NA,NA,NA,NA,NA,NA,NA,1.184541383,0.431236897,0.296698588,26.9076618
"Sunbury","Jodies",10,55,772825.5018,6785014.704,1707940.341,-3274174.877,149.8014064,-29.0339468,0.4,182,1204,1652.5,8.3,1.18,1250,7.163268681,7,28.6,11.7,10,1.28,20.2,23.4,50,5,2,19,14,68,NA,NA,NA,NA,NA,NA,1.203417162,0.434772672,0.369780608,12.9984128
"Sunbury","Jodies",10,55,772825.5018,6785014.704,1707940.341,-3274174.877,149.8014064,-29.0339468,0.6,8970,33015,3472,7.8,4.3,1840,19.56714096,5,NA,NA,NA,NA,NA,NA,NA,NA,NA,NA,NA,NA,NA,NA,NA,NA,NA,NA,1.190062603,0.456585678,0.412609291,8.7952774
"Sunbury","Jodies",10,55,772825.5018,6785014.704,1707940.341,-3274174.877,149.8014064,-29.0339468,0.8,12830,51800,3323,7.7,4.52,1980,20.69795304,2,25.7,11.9,10.7,1.4,17.8,19.83333333,60,7.3,2,19,14,68,NA,NA,NA,NA,NA,NA,1.167160519,0.489118469,0.446620069,8.49968
"Sunbury","Jodies",10,55,772825.5018,6785014.704,1707940.341,-3274174.877,149.8014064,-29.0339468,1,8290,30545,3985,7.7,4.69,2060,21.49198182,2,NA,NA,NA,NA,NA,NA,NA,NA,NA,NA,NA,NA,NA,NA,NA,NA,NA,NA,1.126968051,0.505151384,0.470821352,6.8660064
"Sunbury","Jodies",10,55,772825.5018,6785014.704,1707940.341,-3274174.877,149.8014064,-29.0339468,1.2,7005,26170,3577,7.8,4.67,2090,21.50904525,2,20.8,11.5,11.2,1.26,25.5,26.13636364,44,5.8,2,19,14,68,NA,NA,NA,NA,NA,NA,1.111180949,0.436921258,0.464834573,-5.582663
"Sunbury","Jodies",10,55,772825.5018,6785014.704,1707940.341,-3274174.877,149.8014064,-29.0339468,1.4,353.45,2079.5,3364.5,8.2,2.69,2710,16.02557758,2,NA,NA,NA,NA,NA,NA,NA,NA,NA,NA,NA,NA,NA,NA,NA,NA,NA,NA,1.090813677,0.497547987,0.471571315,5.1953344
"Monte Cristo","15 a",1,56,234860.66,6878036.208,1768763.353,-3187979.848,150.2990036,-28.19685638,0.05,18.33,42,124.3,7.5,0.11,31,0.613946461,9,8.47,3.47,1.21,1.18,6.9,19.27777778,18,1.6,8,51,16,27,17,0.93,1.5,1.6,83.6,22.1,1.349205078,0.10650667,0.132476634,-2.596996443
"Monte Cristo","15 a",1,56,234860.66,6878036.208,1768763.353,-3187979.848,150.2990036,-28.19685638,0.2,81.55,76.4,304,8.9,0.2,100,1.334687749,3,NA,NA,NA,NA,NA,NA,NA,NA,NA,NA,NA,NA,NA,NA,NA,NA,NA,NA,1.347208543,0.321441286,0.218581692,20.57191872
"Monte Cristo","15 a",1,56,234860.66,6878036.208,1768763.353,-3187979.848,150.2990036,-28.19685638,0.4,134,306.6,899,9,0.56,431,3.328819201,3,11.5,8.23,5.54,0.36,20.5,30.48148148,27,2.5,5,33,10,55,NA,NA,NA,NA,NA,NA,1.368621592,0.357514261,0.248846219,21.73360825
"Monte Cristo","15 a",1,56,234860.66,6878036.208,1768763.353,-3187979.848,150.2990036,-28.19685638,0.6,133.35,679,1434,8.8,0.97,914,6.208065961,3,NA,NA,NA,NA,NA,NA,NA,NA,NA,NA,NA,NA,NA,NA,NA,NA,NA,NA,1.40058476,0.351327673,0.267340836,16.79736734
"Monte Cristo","15 a",1,56,234860.66,6878036.208,1768763.353,-3187979.848,150.2990036,-28.19685638,0.8,270.9,992,1437.5,7.4,1.13,1180,7.589699642,3,8.53,8.37,7.4,0.36,29.8,33.48,25,2.4,3,36,12,54,NA,NA,NA,NA,NA,NA,1.511440526,0.334756456,0.323752046,2.200881949
"Monte Cristo","15 a",1,56,234860.66,6878036.208,1768763.353,-3187979.848,150.2990036,-28.19685638,1,171.5,1204.5,1396,5.1,1.13,1180,7.589699642,6,NA,NA,NA,NA,NA,NA,NA,NA,NA,NA,NA,NA,NA,NA,NA,NA,NA,NA,1.562783475,0.330899273,0.355302809,-4.880707282
"Monte Cristo","15 a",1,56,234860.66,6878036.208,1768763.353,-3187979.848,150.2990036,-28.19685638,1.2,34.355,1146,1439,4.8,1.18,1280,8.116709353,9,6.29,6.75,6.93,0.35,27.7,27,25,2.3,4,37,11,53,NA,NA,NA,NA,NA,NA,1.582688084,0.344809019,0.358898675,-2.81793116
"Monte Cristo","15 a",1,56,234860.66,6878036.208,1768763.353,-3187979.848,150.2990036,-28.19685638,1.4,18.575,1027.5,1406,4.6,1.15,1280,7.994088664,7,NA,NA,NA,NA,NA,NA,NA,NA,NA,NA,NA,NA,NA,NA,NA,NA,NA,NA,1.626614272,0.35034555,0.355727096,-1.076309124
"Monte Cristo","15 a",2,56,235224.478,6877982.881,1769108.786,-3188092.457,150.3026944,-28.19741031,0.05,16.555,42,160.55,7.3,0.14,67,0.899931421,8,9.85,3.8,1.31,1.06,7.3,21.11111111,18,1.9,7,45,20,29,36,1.05,1,2.3,80,22.2,1.446539547,0.139491193,0.089546398,4.994479508
"Monte Cristo","15 a",2,56,235224.478,6877982.881,1769108.786,-3188092.457,150.3026944,-28.19741031,0.2,39.24,42,177.9,8.4,0.15,69,0.951614766,2,NA,NA,NA,NA,NA,NA,NA,NA,NA,NA,NA,NA,NA,NA,NA,NA,NA,NA,1.561657229,0.409397292,0.206451381,40.58918222
"Monte Cristo","15 a",2,56,235224.478,6877982.881,1769108.786,-3188092.457,150.3026944,-28.19741031,0.4,178.9,139.95,379.15,7.2,0.27,162,1.465975162,2,12.8,10.2,4.81,0.33,20.9,44.34782609,23,2.6,2,27,15,56,NA,NA,NA,NA,NA,NA,1.465005757,0.410691547,0.242811665,33.57597649
"Monte Cristo","15 a",2,56,235224.478,6877982.881,1769108.786,-3188092.457,150.3026944,-28.19741031,0.6,227.9,283.2,610.5,5.3,0.39,356,2.446601117,1,NA,NA,NA,NA,NA,NA,NA,NA,NA,NA,NA,NA,NA,NA,NA,NA,NA,NA,1.40933561,0.380949772,0.226204016,30.94915119
"Monte Cristo","15 a",2,56,235224.478,6877982.881,1769108.786,-3188092.457,150.3026944,-28.19741031,0.8,68.05,510,789,4.7,0.59,600,3.766339511,1,6.87,9.04,5.74,0.32,21.6,33.48148148,27,2.5,1,23,16,59,NA,NA,NA,NA,NA,NA,1.410715929,0.377059731,0.243183585,26.7752293
"Monte Cristo","15 a",2,56,235224.478,6877982.881,1769108.786,-3188092.457,150.3026944,-28.19741031,1,32.62,602,907,4.5,0.71,755,4.61183679,3,NA,NA,NA,NA,NA,NA,NA,NA,NA,NA,NA,NA,NA,NA,NA,NA,NA,NA,1.498690442,0.384903265,0.289673073,19.04603833
"Monte Cristo","15 a",2,56,235224.478,6877982.881,1769108.786,-3188092.457,150.3026944,-28.19741031,1.2,22,630,900,4.4,0.75,808,4.784968986,3,4.74,7.04,6.02,0.32,43.9,50.28571429,14,2.6,1,25,17,62,NA,NA,NA,NA,NA,NA,1.550544998,0.400513577,0.298698611,20.36299308
"Monte Cristo","15 a",2,56,235224.478,6877982.881,1769108.786,-3188092.457,150.3026944,-28.19741031,1.4,20.98,659,839.5,4.4,0.79,871,5.086072068,4,NA,NA,NA,NA,NA,NA,NA,NA,NA,NA,NA,NA,NA,NA,NA,NA,NA,NA,1.56223147,0.394884327,0.293929428,20.19097976
"Monte Cristo","15 a",3,56,235397.393,6878378.129,1769342.855,-3187726.196,150.3045438,-28.19388105,0.05,16.91,42,92.95,7.1,0.09,20,0.452985074,6,11.3,3.03,0.48,1.08,3,18.9375,16,1.8,6,47,17,31,6,1.16,1,1.5,76.5,21.4,1.289095373,0.110390578,0.104675687,0.571489121
"Monte Cristo","15 a",3,56,235397.393,6878378.129,1769342.855,-3187726.196,150.3045438,-28.19388105,0.2,23.645,42,97.9,8.4,0.09,20,0.452985074,4,NA,NA,NA,NA,NA,NA,NA,NA,NA,NA,NA,NA,NA,NA,NA,NA,NA,NA,1.448412495,0.984127951,0.225337266,151.7581371
"Monte Cristo","15 a",3,56,235397.393,6878378.129,1769342.855,-3187726.196,150.3045438,-28.19388105,0.4,68.2,120,667,8.9,0.27,66,1.163549403,5,16.1,8.58,3.61,0.36,15,35.75,24,2.9,4,33,15,54,NA,NA,NA,NA,NA,NA,1.484665171,0.403905204,0.255304588,29.72012323
"Monte Cristo","15 a",3,56,235397.393,6878378.129,1769342.855,-3187726.196,150.3045438,-28.19388105,0.6,124.65,387.3,1214,8.9,0.52,281,2.773070285,4,NA,NA,NA,NA,NA,NA,NA,NA,NA,NA,NA,NA,NA,NA,NA,NA,NA,NA,1.538473876,0.400199577,0.284233029,23.19330965
"Monte Cristo","15 a",3,56,235397.393,6878378.129,1769342.855,-3187726.196,150.3045438,-28.19388105,0.8,108.9,744.5,987.5,8.5,0.76,564,5.08460498,1,12.8,9.9,6.83,0.35,31,45,22,2.6,3,38,15,40,NA,NA,NA,NA,NA,NA,1.642338164,0.345490662,0.332643403,2.569451937
"Monte Cristo","15 a",3,56,235397.393,6878378.129,1769342.855,-3187726.196,150.3045438,-28.19388105,1,181.1,2308,1470,5.9,1.2,687,7.325226233,1,NA,NA,NA,NA,NA,NA,NA,NA,NA,NA,NA,NA,NA,NA,NA,NA,NA,NA,1.617608459,0.324440448,0.355352858,-6.182481923
"Monte Cristo","15 a",3,56,235397.393,6878378.129,1769342.855,-3187726.196,150.3045438,-28.19388105,1.2,99.7,1126,1193.5,5.1,0.96,842,5.887662896,2,6.98,7.22,6.47,0.33,32.4,36.1,20,2.4,4,31,12,57,NA,NA,NA,NA,NA,NA,1.574880954,0.316897206,0.336339043,-3.888367271
"Monte Cristo","15 a",3,56,235397.393,6878378.129,1769342.855,-3187726.196,150.3045438,-28.19388105,1.4,63.45,1004.5,1142,4.8,1.03,1040,6.66117968,6,NA,NA,NA,NA,NA,NA,NA,NA,NA,NA,NA,NA,NA,NA,NA,NA,NA,NA,1.56435804,0.303674868,0.324460395,-4.157105383
"Monte Cristo","15 a",4,56,235036.224,6878430.692,1768999.874,-3187614.782,150.3008799,-28.1933346,0.05,22.62,42,141.95,7.7,0.13,43,0.68297499,9,10,4.2,1.64,1.1,9.7,24.70588235,17,2,8,48,12,38,18,0.83,1,1.2,52.3,18.4,1.33043581,0.12714427,0.109006743,1.81375274
"Monte Cristo","15 a",4,56,235036.224,6878430.692,1768999.874,-3187614.782,150.3008799,-28.1933346,0.2,62.55,42,252.5,8.7,0.17,78,0.983997404,5,NA,NA,NA,NA,NA,NA,NA,NA,NA,NA,NA,NA,NA,NA,NA,NA,NA,NA,1.421022707,0.289969806,0.220851604,13.82364045
"Monte Cristo","15 a",4,56,235036.224,6878430.692,1768999.874,-3187614.782,150.3008799,-28.1933346,0.4,134.75,137.3,597,8.9,0.35,195,1.927765099,4,11.7,8.31,4.56,0.46,15.2,27.7,30,2.8,5,35,13,51,NA,NA,NA,NA,NA,NA,1.410686658,0.407313381,0.239080769,33.64652239
"Monte Cristo","15 a",4,56,235036.224,6878430.692,1768999.874,-3187614.782,150.3008799,-28.1933346,0.6,146.75,435.95,1153,9,0.65,426,3.774322721,2,NA,NA,NA,NA,NA,NA,NA,NA,NA,NA,NA,NA,NA,NA,NA,NA,NA,NA,1.444963962,0.394033011,0.248077564,29.19108955
"Monte Cristo","15 a",4,56,235036.224,6878430.692,1768999.874,-3187614.782,150.3008799,-28.1933346,0.8,142.4,675.5,925,8.4,0.72,587,4.47524393,3,8.32,8.68,6.78,0.4,30.8,39.45454545,22,2.3,4,35,13,52,NA,NA,NA,NA,NA,NA,1.496150001,0.319540278,0.286305257,6.647004163
"Monte Cristo","15 a",4,56,235036.224,6878430.692,1768999.874,-3187614.782,150.3008799,-28.1933346,1,294.65,874.5,1200,6.3,0.84,722,5.32345177,3,NA,NA,NA,NA,NA,NA,NA,NA,NA,NA,NA,NA,NA,NA,NA,NA,NA,NA,1.531348,0.29562394,0.304173715,-1.709955143
"Monte Cristo","15 a",4,56,235036.224,6878430.692,1768999.874,-3187614.782,150.3008799,-28.1933346,1.2,98.4,960.5,1057,5.2,0.89,781,5.832212004,7,5.38,5.51,5.03,0.28,31.4,34.4375,16,2.4,4,35,13,49,NA,NA,NA,NA,NA,NA,1.511992497,0.317276825,0.293675723,4.720220396
"Monte Cristo","15 a",4,56,235036.224,6878430.692,1768999.874,-3187614.782,150.3008799,-28.1933346,1.4,59.25,874,997.5,5,0.89,856,6.042690952,8,NA,NA,NA,NA,NA,NA,NA,NA,NA,NA,NA,NA,NA,NA,NA,NA,NA,NA,1.521522122,0.326341415,0.290162498,7.235783399
"Monte Cristo","15 a",5,56,235262.93,6878753.463,1769274.282,-3187329.637,150.3032603,-28.19046969,0.05,45.71,51,186.7,7.9,0.14,36,0.631604311,7,13.8,6.52,2.3,0.87,9.6,27.16666667,24,3,4,33,14,49,11,0.86,1.1,1.1,41,18,1.349205078,0.161343016,0.116025317,4.531769872
"Monte Cristo","15 a",5,56,235262.93,6878753.463,1769274.282,-3187329.637,150.3032603,-28.19046969,0.2,113.8,108.95,283.95,8,0.2,92,1.055126214,7,NA,NA,NA,NA,NA,NA,NA,NA,NA,NA,NA,NA,NA,NA,NA,NA,NA,NA,1.347208543,0.385136009,0.209985533,35.03009524
"Monte Cristo","15 a",5,56,235262.93,6878753.463,1769274.282,-3187329.637,150.3032603,-28.19046969,0.4,200.45,198.6,517.5,8.2,0.42,350,2.472136852,6,13.6,11,5.24,0.44,16.4,34.375,32,3.1,3,29,14,60,NA,NA,NA,NA,NA,NA,1.368621592,0.415175582,0.233526961,36.32972417
"Monte Cristo","15 a",5,56,235262.93,6878753.463,1769274.282,-3187329.637,150.3032603,-28.19046969,0.6,197.5,370.85,815,8.1,0.66,661,4.15640313,4,NA,NA,NA,NA,NA,NA,NA,NA,NA,NA,NA,NA,NA,NA,NA,NA,NA,NA,1.40058476,0.382547239,0.229345682,30.64031144
"Monte Cristo","15 a",5,56,235262.93,6878753.463,1769274.282,-3187329.637,150.3032603,-28.19046969,0.8,234.15,591.5,1002,6.6,0.76,773,4.707496565,1,8.19,8.61,6.03,0.33,20.1,28.7,30,2.4,4,33,5,63,NA,NA,NA,NA,NA,NA,1.511440526,0.33981067,0.280135583,11.93501744
"Monte Cristo","15 a",5,56,235262.93,6878753.463,1769274.282,-3187329.637,150.3032603,-28.19046969,1,185.45,715,1076.5,5.3,0.73,796,4.644461601,3,NA,NA,NA,NA,NA,NA,NA,NA,NA,NA,NA,NA,NA,NA,NA,NA,NA,NA,1.562783475,0.349394191,0.329465591,3.985719912
"Monte Cristo","15 a",5,56,235262.93,6878753.463,1769274.282,-3187329.637,150.3032603,-28.19046969,1.2,858,7850,11735,4.9,0.8,917,5.580644739,2,6.08,6.74,5.36,0.25,48.7,61.27272727,11,2.6,4,35,12,54,NA,NA,NA,NA,NA,NA,1.582688084,0.339115731,0.344777872,-1.132428126
"Monte Cristo","15 a",5,56,235262.93,6878753.463,1769274.282,-3187329.637,150.3032603,-28.19046969,1.4,307.45,6740,10845,4.8,0.83,921,5.713073179,5,NA,NA,NA,NA,NA,NA,NA,NA,NA,NA,NA,NA,NA,NA,NA,NA,NA,NA,1.626614272,0.330247304,0.337247351,-1.400009434
"Monte Cristo","15 a",7,56,235016.595,6879080.457,1769088.731,-3186963.067,150.3008274,-28.18747174,0.05,271.45,1660.5,3314.5,7.8,0.21,132,1.323555537,3,11.8,6.67,2.64,0.65,12,30.31818182,22,2.6,4,43,16,40,7,0.54,1.2,0.9,26.4,16.3,1.289095373,0.128331646,0.084789284,4.35423622
"Monte Cristo","15 a",7,56,235016.595,6879080.457,1769088.731,-3186963.067,150.3008274,-28.18747174,0.2,477.4,3058.5,7630,8.8,0.47,401,3.316295491,3,NA,NA,NA,NA,NA,NA,NA,NA,NA,NA,NA,NA,NA,NA,NA,NA,NA,NA,1.448412495,0.356290424,0.161374792,38.98312636
"Monte Cristo","15 a",7,56,235016.595,6879080.457,1769088.731,-3186963.067,150.3008274,-28.18747174,0.4,766,2478,7290,8.5,0.6,668,4.000763001,1,11.6,8.46,5.77,0.36,27.5,40.28571429,21,2.7,3,27,13,58,NA,NA,NA,NA,NA,NA,1.484665171,0.348406652,0.182090256,33.26327911
"Monte Cristo","15 a",7,56,235016.595,6879080.457,1769088.731,-3186963.067,150.3008274,-28.18747174,0.6,2410,4301,9070,6.9,0.77,857,5.133669949,4,NA,NA,NA,NA,NA,NA,NA,NA,NA,NA,NA,NA,NA,NA,NA,NA,NA,NA,1.538473876,0.323921544,0.192602956,26.26371759
"Monte Cristo","15 a",7,56,235016.595,6879080.457,1769088.731,-3186963.067,150.3008274,-28.18747174,0.8,743,6485,9060,5,0.84,908,5.625863637,6,6.96,5.75,5.37,0.36,45.8,47.91666667,12,2.5,3,33,13,56,NA,NA,NA,NA,NA,NA,1.642338164,0.337232608,0.208229947,25.80053225
"Monte Cristo","15 a",7,56,235016.595,6879080.457,1769088.731,-3186963.067,150.3008274,-28.18747174,1,227.2,6510,9600,4.7,0.88,971,5.942741722,6,NA,NA,NA,NA,NA,NA,NA,NA,NA,NA,NA,NA,NA,NA,NA,NA,NA,NA,1.617608459,0.333859231,0.229695866,20.83267298
"Monte Cristo","15 a",7,56,235016.595,6879080.457,1769088.731,-3186963.067,150.3008274,-28.18747174,1.2,112.9,6060,9780,4.6,0.91,1080,6.49723778,8,5.67,5.25,4.92,0.35,34,37.5,14,2.4,3,33,13,53,NA,NA,NA,NA,NA,NA,1.574880954,0.317011072,0.305881424,2.225929423
"Monte Cristo","15 a",7,56,235016.595,6879080.457,1769088.731,-3186963.067,150.3008274,-28.18747174,1.4,64.1,5525,9190,4.4,0.89,1080,6.414681796,5,NA,NA,NA,NA,NA,NA,NA,NA,NA,NA,NA,NA,NA,NA,NA,NA,NA,NA,1.56435804,0.310556686,0.321152187,-2.119100118
"Monte Cristo","15 a",9,56,236040.179,6879351.503,1770130.563,-3186859.608,150.3113056,-28.18523284,0.05,127.15,694.5,1937.5,7.5,0.17,84,1.069397573,9,8.54,5.47,1.88,1.05,11.1,32.17647059,17,1.8,8,50,13,32,14,0.72,0.7,1.1,40.4,18,1.46154505,0.179019916,0.077799017,10.12208994
"Monte Cristo","15 a",9,56,236040.179,6879351.503,1770130.563,-3186859.608,150.3113056,-28.18523284,0.2,351,2038.5,4746.5,8.7,0.34,251,2.470111558,7,NA,NA,NA,NA,NA,NA,NA,NA,NA,NA,NA,NA,NA,NA,NA,NA,NA,NA,1.628585758,0.32733896,0.189278156,27.61216091
"Monte Cristo","15 a",9,56,236040.179,6879351.503,1770130.563,-3186859.608,150.3113056,-28.18523284,0.4,1065,3904.5,12015,9,0.66,520,4.428408509,11,7.84,8.67,4.84,0.26,25.5,45.63157895,19,2.2,7,42,10,42,NA,NA,NA,NA,NA,NA,1.656114901,0.312790798,0.219964704,18.56521881
"Monte Cristo","15 a",9,56,236040.179,6879351.503,1770130.563,-3186859.608,150.3113056,-28.18523284,0.6,574,5925,12840,8.7,0.86,661,5.717112094,15,NA,NA,NA,NA,NA,NA,NA,NA,NA,NA,NA,NA,NA,NA,NA,NA,NA,NA,1.608274805,0.268009822,0.216163127,10.36933892
"Monte Cristo","15 a",9,56,236040.179,6879351.503,1770130.563,-3186859.608,150.3113056,-28.18523284,0.8,799,8305,9060,5.3,0.83,763,5.743134467,15,5.35,7.27,5.49,0.36,27.4,36.35,20,2.1,5,39,12,45,NA,NA,NA,NA,NA,NA,1.626968927,0.273226693,0.240650926,6.515153455
"Monte Cristo","15 a",9,56,236040.179,6879351.503,1770130.563,-3186859.608,150.3113056,-28.18523284,1,327.5,8855,9150,4.9,0.82,805,5.824854596,16,NA,NA,NA,NA,NA,NA,NA,NA,NA,NA,NA,NA,NA,NA,NA,NA,NA,NA,1.629800898,0.264828927,0.244632272,4.039331077
"Monte Cristo","15 a",9,56,236040.179,6879351.503,1770130.563,-3186859.608,150.3113056,-28.18523284,1.2,173.5,8440,9290,4.7,0.82,834,5.967307577,12,4.37,6.45,5.18,0.24,40.4,49.61538462,13,2.2,5,41,12,44,NA,NA,NA,NA,NA,NA,1.610989396,0.286796884,0.276926526,1.974071669
"Monte Cristo","15 a",9,56,236040.179,6879351.503,1770130.563,-3186859.608,150.3113056,-28.18523284,1.4,100.6,7260,8605,4.6,0.79,896,6.019898685,13,NA,NA,NA,NA,NA,NA,NA,NA,NA,NA,NA,NA,NA,NA,NA,NA,NA,NA,1.601690085,0.291007441,0.295488645,-0.896240777
"Monte Cristo","15 a",11,56,235171.882,6879478.951,1769306.17,-3186590.686,150.302498,-28.18390968,0.05,191.35,300.9,1826.5,7.7,0.1,39,0.523171342,12,12,5.8,2.34,1.24,10.6,26.36363636,22,2.3,4,38,13,44,33,0.67,1.1,3.1,41.5,18.9,1.441910317,0.141412292,0.095922221,4.549007121
"Monte Cristo","15 a",11,56,235171.882,6879478.951,1769306.17,-3186590.686,150.302498,-28.18390968,0.2,967,1980,3920.5,8.5,0.21,118,1.228756282,7,NA,NA,NA,NA,NA,NA,NA,NA,NA,NA,NA,NA,NA,NA,NA,NA,NA,NA,1.541684961,0.406907214,0.255626427,30.25615755
"Monte Cristo","15 a",11,56,235171.882,6879478.951,1769306.17,-3186590.686,150.302498,-28.18390968,0.4,1285,2549,7965,8.8,0.49,415,3.063052216,8,12.8,9.05,6.19,0.65,28.1,41.13636364,22,2.6,5,33,13,53,NA,NA,NA,NA,NA,NA,1.551871629,0.479231161,0.291188276,37.60857704
"Monte Cristo","15 a",11,56,235171.882,6879478.951,1769306.17,-3186590.686,150.302498,-28.18390968,0.6,2341,4835,10165,8.4,0.78,847,5.367598779,4,NA,NA,NA,NA,NA,NA,NA,NA,NA,NA,NA,NA,NA,NA,NA,NA,NA,NA,1.551689219,0.468841055,0.293940345,34.98014195
"Monte Cristo","15 a",11,56,235171.882,6879478.951,1769306.17,-3186590.686,150.302498,-28.18390968,0.8,2343,8400,13060,6.1,1.06,1220,7.163802808,2,9.3,8.7,7.98,0.54,34.7,37.82608696,23,2.8,2,29,17,58,NA,NA,NA,NA,NA,NA,1.580624892,0.432505292,0.311298176,24.2414232
"Monte Cristo","15 a",11,56,235171.882,6879478.951,1769306.17,-3186590.686,150.302498,-28.18390968,1,822.5,9790,12540,4.8,1.13,1300,7.635527816,4,NA,NA,NA,NA,NA,NA,NA,NA,NA,NA,NA,NA,NA,NA,NA,NA,NA,NA,1.611240474,0.389994025,0.356243092,6.750186675
"Monte Cristo","15 a",11,56,235171.882,6879478.951,1769306.17,-3186590.686,150.302498,-28.18390968,1.2,657.5,9080,13425,4.5,1.09,1320,7.461906334,5,7.24,6.89,6.7,0.43,39.7,40.52941176,17,2.6,2,28,15,59,NA,NA,NA,NA,NA,NA,1.607837075,0.386289015,0.413455029,-5.433202928
"Monte Cristo","15 a",11,56,235171.882,6879478.951,1769306.17,-3186590.686,150.302498,-28.18390968,1.4,247.55,8305,12515,4.4,1.06,1300,7.294834932,6,NA,NA,NA,NA,NA,NA,NA,NA,NA,NA,NA,NA,NA,NA,NA,NA,NA,NA,1.60260936,0.384455283,0.402257593,-3.560462181
"Monte Cristo","15 a",12,56,235457.113,6879759.686,1769630.583,-3186357.045,150.3054642,-28.18143549,0.05,303.9,332.85,2341,7.2,0.07,20,0.341813481,9,12.8,4.66,0.95,1.52,4.5,22.19047619,21,2.8,5,41,17,42,20,0.87,0.9,1.6,44.3,17.8,1.475906999,0.205071094,0.076228329,12.88427651
"Monte Cristo","15 a",12,56,235457.113,6879759.686,1769630.583,-3186357.045,150.3054642,-28.18143549,0.2,478.1,335.9,3363.5,8.5,0.16,21,0.652601134,6,NA,NA,NA,NA,NA,NA,NA,NA,NA,NA,NA,NA,NA,NA,NA,NA,NA,NA,1.542985664,0.428072681,0.194604361,46.69366395
"Monte Cristo","15 a",12,56,235457.113,6879759.686,1769630.583,-3186357.045,150.3054642,-28.18143549,0.4,278.1,776.5,4618.5,8.7,0.22,52,0.934696966,4,14.7,8.88,3.33,0.85,15.1,40.36363636,22,3.2,3,30,17,55,NA,NA,NA,NA,NA,NA,1.531445881,0.44353636,0.246398035,39.42766499
"Monte Cristo","15 a",12,56,235457.113,6879759.686,1769630.583,-3186357.045,150.3054642,-28.18143549,0.6,480.85,924.5,4628.5,8.8,0.27,226,1.653708064,3,NA,NA,NA,NA,NA,NA,NA,NA,NA,NA,NA,NA,NA,NA,NA,NA,NA,NA,1.605904877,0.429839901,0.270856667,31.79664674
"Monte Cristo","15 a",12,56,235457.113,6879759.686,1769630.583,-3186357.045,150.3054642,-28.18143549,0.8,1427,2292,7515,8.4,0.56,658,3.913302201,1,9.55,9.76,6.61,0.83,22,32.53333333,30,2.8,2,27,19,55,NA,NA,NA,NA,NA,NA,1.663880515,0.431292694,0.268856911,32.48715652
"Monte Cristo","15 a",12,56,235457.113,6879759.686,1769630.583,-3186357.045,150.3054642,-28.18143549,1,2620.5,8700,11555,6.2,0.74,764,4.906731363,1,NA,NA,NA,NA,NA,NA,NA,NA,NA,NA,NA,NA,NA,NA,NA,NA,NA,NA,1.67653749,0.392422772,0.264383971,25.6077603
"Monte Cristo","15 a",12,56,235457.113,6879759.686,1769630.583,-3186357.045,150.3054642,-28.18143549,1.2,502.5,9310,10190,4.8,0.88,901,5.632312301,3,5.97,7.3,6.59,0.42,41.2,45.625,16,3.5,2,28,15,59,NA,NA,NA,NA,NA,NA,1.705181355,0.376562346,0.297720016,15.76846591
"Monte Cristo","15 a",12,56,235457.113,6879759.686,1769630.583,-3186357.045,150.3054642,-28.18143549,1.4,218.9,8990,9750,4.5,0.89,960,5.813614598,3,NA,NA,NA,NA,NA,NA,NA,NA,NA,NA,NA,NA,NA,NA,NA,NA,NA,NA,1.717189892,0.398890886,0.284280986,22.92198006
"Monte Cristo","15 a",13,56,236154.65,6879657.953,1770292.959,-3186572.43,150.3125397,-28.18249244,0.05,395.35,193.5,2235.5,8,0.12,43,0.628322488,14,14.9,5.91,2.04,0.81,7.8,22.73076923,26,2.1,7,40,16,41,15,1.27,0.8,3.4,57.9,18.8,1.355534855,0.152100193,0.072858527,7.924166627
"Monte Cristo","15 a",13,56,236154.65,6879657.953,1770292.959,-3186572.43,150.3125397,-28.18249244,0.2,484.25,559.5,5840,9,0.27,106,1.451330599,7,NA,NA,NA,NA,NA,NA,NA,NA,NA,NA,NA,NA,NA,NA,NA,NA,NA,NA,1.437816836,0.349312756,0.23593363,22.67582532
"Monte Cristo","15 a",13,56,236154.65,6879657.953,1770292.959,-3186572.43,150.3125397,-28.18249244,0.4,932.5,4003.5,13360,9,0.57,386,3.218814681,8,16.5,11.6,6.36,0.29,19.9,36.25,32,2.5,5,28,12,56,NA,NA,NA,NA,NA,NA,1.446555187,0.37559464,0.241745239,26.76988028
"Monte Cristo","15 a",13,56,236154.65,6879657.953,1770292.959,-3186572.43,150.3125397,-28.18249244,0.6,1486,6525,18560,8.8,1.04,904,6.407224664,10,NA,NA,NA,NA,NA,NA,NA,NA,NA,NA,NA,NA,NA,NA,NA,NA,NA,NA,1.473902009,0.378898428,0.229716648,29.83635588
"Monte Cristo","15 a",13,56,236154.65,6879657.953,1770292.959,-3186572.43,150.3125397,-28.18249244,0.8,1391.5,23155,21825,6.8,1.47,1060,8.677890503,11,9.64,9.16,7.81,0.26,26.9,31.5862069,29,2.2,3,30,11,53,NA,NA,NA,NA,NA,NA,1.524179307,0.370774231,0.247811608,24.59252458
"Monte Cristo","15 a",13,56,236154.65,6879657.953,1770292.959,-3186572.43,150.3125397,-28.18249244,1,741,13425,19345,4.9,1.28,1320,8.627203714,9,NA,NA,NA,NA,NA,NA,NA,NA,NA,NA,NA,NA,NA,NA,NA,NA,NA,NA,1.550255259,0.345694139,0.307325554,7.673716983
"Monte Cristo","15 a",13,56,236154.65,6879657.953,1770292.959,-3186572.43,150.3125397,-28.18249244,1.2,442.6,12690,20220,4.6,1.17,1210,7.699625929,7,6.79,7.59,6.78,0.18,25.1,28.11111111,27,2.1,2,30,8,56,NA,NA,NA,NA,NA,NA,1.566939701,0.347898337,0.327716435,4.036380454
"Monte Cristo","15 a",13,56,236154.65,6879657.953,1770292.959,-3186572.43,150.3125397,-28.18249244,1.4,287.75,7735,11975,4.4,1.15,1270,7.768753612,6,NA,NA,NA,NA,NA,NA,NA,NA,NA,NA,NA,NA,NA,NA,NA,NA,NA,NA,1.590368182,0.345592268,0.348847316,-0.651009589
